Reaction,equation,System,Void,rpfCGH,Diff
2HBO,2obut_c + h_c + nadh_c <=> 2hb_c + nad_c,,0,0,1
34DHOXPEGOX,34dhmald_c + h_c + nadh_c <=> 34dhoxpeg_c + nad_c,,0,0,1
3OAR100,3odecACP_c + h_c + nadph_c <=> 3hdecACP_c + nadp_c,,1,1,1
3OAR120,3oddecACP_c + h_c + nadph_c <=> 3hddecACP_c + nadp_c,,1,1,1
3OAR40_1,actACP_c + h_c + nadph_c <=> 3hbutACP_c + nadp_c,,1,1,1
3OAR60,3ohexACP_c + h_c + nadph_c <=> 3hhexACP_c + nadp_c,,1,1,1
3OAR80,3hoctACP_c + nadp_c <=> 3ooctACP_c + h_c + nadph_c,,1,1,1
4ABUTD,4abut_c + 2.0 h_c + nadph_c <-- 4abutn_c + h2o_c + nadp_c,,-1,-1,1
AACOAR_syn,3hbcoa__R_c + nadp_c <=> aacoa_c + h_c + nadph_c,,0,0,1
ABUTD,4abut_c + 2.0 h_c + nadh_c <-- 4abutn_c + h2o_c + nad_c,,0,0,1
ACOAD1,b2coa_c + h_c + nadh_c --> btcoa_c + nad_c,,0,0,1
ACOAD2,h_c + hx2coa_c + nadh_c --> hxcoa_c + nad_c,,-1,-1,1
ACOAD3,h_c + nadh_c + oc2coa_c --> nad_c + occoa_c,,-1,-1,1
ACOAD4,dc2coa_c + h_c + nadh_c --> dcacoa_c + nad_c,,-1,-1,1
ACOAD5,dd2coa_c + h_c + nadh_c --> ddcacoa_c + nad_c,,-1,-1,1
ACOAD6,h_c + nadh_c + td2coa_c --> nad_c + tdcoa_c,,-1,-1,1
ACOAD7,h_c + hdd2coa_c + nadh_c --> nad_c + pmtcoa_c,,-1,-1,1
AGGPR,acg5sa_c + nadp_c + pi_c <-- acg5p_c + h_c + nadph_c,,0,0,1
AKGDH,co2_c + nadh_c + succoa_c <-- akg_c + coa_c + nad_c,,1,1,1
ALCD19,glyald_c + h_c + nadh_c <=> glyc_c + nad_c,,0,0,1
ALCD2ir,acald_c + h_c + nadh_c <=> etoh_c + nad_c,,0,0,1
ALDD22x,ala_B_c + 2.0 h_c + nadh_c <=> aproa_c + h2o_c + nad_c,,-1,-1,1
ALDD2x,ac_c + 2.0 h_c + nadh_c <-- acald_c + h2o_c + nad_c,,-1,-1,1
ALDD31,gly_c + 2.0 h_c + nadh_c <-- aacald_c + h2o_c + nad_c,,-1,-1,1
ANNAT,nad_c + ppi_c <=> atp_c + h_c + nmn_c,,0,1,0
APRAUR,5aprbu_c + nadp_c <=> 5apru_c + h_c + nadph_c,,-1,-1,1
ASAD,4pasp_c + h_c + nadph_c --> aspsa_c + nadp_c + pi_c,,0,0,1
BDH,acac_c + h_c + nadh_c <=> bhb_c + nad_c,,0,0,1
BETALDHx,glyb_c + 2.0 h_c + nadh_c <-- betald_c + h2o_c + nad_c,,-1,-1,1
BETALDHy,glyb_c + 2.0 h_c + nadph_c <-- betald_c + h2o_c + nadp_c,,-1,-1,1
Biomass,0.003096466851925 10fthf_c + 0.003096466851925 2dmmq8_c + 0.003096466851925 5mthf_c + 0.003096466851925 ACP_c + 0.010648042134188 MNXM5124_c + 0.010648042134188 MNXM5129_c + 0.003096466851925 MNXM57_c + 0.010648042134188 MNXM6175_c + 0.010648042134188 MNXM6297_c + 0.010648042134188 MNXM6440_c + 0.010648042134188 MNXM7294_c + 0.010648042134188 MNXM7305_c + 0.025010597710894 MNXM7630_c + 0.003096466851925 adocbl_c + 0.427934380173264 ala__L_c + 0.003096466851925 amet_c + 0.246696822701341 arg__L_c + 0.200830806928348 asn__L_c + 0.200830806928348 asp__L_c + 40.1101757365074 atp_c + 0.003096466851925 ca2_c + 0.003096466851925 cl_c + 0.003096466851925 coa_c + 0.003096466851925 cobalt2_c + 0.025010597710894 colipa_c + 0.084103615654486 ctp_c + 0.003096466851925 cu2_c + 0.076146492205648 cys__L_c + 0.016020671834625 datp_c + 0.016020671834625 dctp_c + 0.016020671834625 dgtp_c + dna_c + 0.025010597710894 dtpcudcpp_c + 0.016020671834625 dttp_c + 0.003096466851925 fad_c + 0.003096466851925 fe2_c + 0.003096466851925 fe3_c + 0.219088153012743 gln__L_c + 0.219088153012743 glu__L_c + 0.509869786991038 gly_c + 0.135406821203723 gtp_c + 35.5403092430435 h2o_c + 0.079263600073716 his__L_c + 0.241798510337235 ile__L_c + 0.003096466851925 k_c + 0.375388847540127 leu__L_c + 0.285438020490179 lys__L_c + 0.127801422590767 met__L_c + 0.003096466851925 mg2_c + 0.003096466851925 mn2_c + 0.003096466851925 mqn8_c + 0.003096466851925 nad_c + 0.003096466851925 nadp_c + 0.010648042134188 pe180_c + 0.010648042134188 pg180_c + 0.154519490031345 phe__L_c + 0.003096466851925 pheme_c + 0.184354665339991 pro__L_c + protein_c + 0.003096466851925 ptrc_c + 0.003096466851925 pydx5p_c + 0.003096466851925 q8_c + 0.003096466851925 ribflv_c + rna_c + 0.179456352975885 ser__L_c + 0.003096466851925 sheme_c + 0.003096466851925 so4_c + 0.003096466851925 spmd_c + 0.003096466851925 thf_c + 0.003096466851925 thmpp_c + 0.211072732780569 thr__L_c + 0.047201919145022 trp__L_c + 0.120676604606612 tyr__L_c + 0.090831904906845 utp_c + 0.352233189091625 val__L_c + 0.003096466851925 zn2_c --> BIOMASS_c + 0.025010597710894 MNXM5258_c + 40.0 adp_c + 0.003096466851925 apoACP_c + 0.003096466851925 cbi_c + 0.003096466851925 dmbzid_c + 40.0562052099336 h_c + 39.9969035331481 pi_c + 0.484600765610933 ppi_c,,-1,-1,1
CHOLD,betald_c + h_c + nadh_c <=> chol_c + nad_c,,0,0,1
COALDDH,fer_c + 2.0 h_c + nadh_c <=> conialdh_c + h2o_c + nad_c,,0,0,1
DGC3D,3ddgc_c + h_c + nadh_c <=> 2dglcn_c + nad_c,,0,0,1
DHCIND,dhcinnm_c + h_c + nadh_c <=> cenchddd_c + nad_c,,-1,-1,1
DHFR,dhf_c + h_c + nadph_c <=> nadp_c + thf_c,,0,0,1
DHPPD,dhpppn_c + h_c + nadh_c <=> cechddd_c + nad_c,,-1,-1,1
DMORh,alac__S_c + h_c + nadph_c <=> 23dhmb_c + nadp_c,,0,0,1
DMPPS,h2mb4p_c + h_c + nadh_c --> dmpp_c + h2o_c + nad_c,,1,1,1
DMPPS_syn,dmpp_c + h2o_c + nadp_c <-- h2mb4p_c + h_c + nadph_c,,1,1,1
DNGALh,amp_c + glu__L_c + h_c + nad_c + ppi_c <-- atp_c + dnad_c + gln__L_c + h2o_c,,0,0,1
DPR,2dhp_c + h_c + nadph_c <=> nadp_c + pant__R_c,,0,0,1
DXPRIi,2me4p_c + nadp_c <=> dxyl5p_c + h_c + nadph_c,,0,0,1
E4PD,4per_c + 2.0 h_c + nadh_c <-- e4p_c + h2o_c + nad_c,,1,-1,0
EAR100y,h_c + nadph_c + tdec2eACP_c --> dcaACP_c + nadp_c,,-1,-1,1
EAR120y,2.0 h_c + nadph_c + tddec2eACP_c --> ddcaACP_c + nadp_c,,-1,-1,1
EAR140y,2.0 h_c + nadph_c + tmrs2eACP_c --> myrsACP_c + nadp_c,,-1,-1,1
EAR40y,but2eACP_c + 2.0 h_c + nadph_c --> butACP_c + nadp_c,,-1,-1,1
EAR60y,h_c + nadph_c + thex2eACP_c --> hexACP_c + nadp_c,,-1,-1,1
EAR80y,h_c + nadph_c + toct2eACP_c --> nadp_c + ocACP_c,,-1,-1,1
FAS140ACPm,ACP_c + co2_c + h2o_c + myrsACP_c + 2.0 nadp_c --> ddcaACP_c + 2.0 h_c + malACP_c + 2.0 nadph_c,,-1,-1,1
FDH,co2_c + nadh_c <-- for_c + nad_c,,0,-1,0
FLVRx,2.0 h_c + nadh_c + ribflv_c <=> nad_c + rbflvrd_c,,0,0,1
FMNRx,fmn_c + 2.0 h_c + nadh_c --> fmnh2_c + nad_c,,-1,1,0
FOLR2,fol_c + h_c + nadph_c <=> dhf_c + nadp_c,,0,0,1
G3PD1,dhap_c + h_c + nadh_c <=> glyc3p_c + nad_c,,1,1,1
G5DHx,glu5p_c + h_c + nadph_c --> glu5sa_c + nadp_c + pi_c,,-1,0,0
G6PBDH,6pgl_c + h_c + nadph_c <-- g6p_B_c + nadp_c,,0,0,1
G6PDH2r,g6p_c + nadp_c <=> 6pgl_c + h_c + nadph_c,,0,0,1
GAPD,13dpg_c + h_c + nadh_c <=> g3p_c + nad_c + pi_c,,1,-1,0
GAPDH_nadp_hi,13dpg_c + h_c + nadph_c --> g3p_c + nadp_c + pi_c,,0,-1,0
GCC2cm,h_c + lpam_c + nadh_c <=> dhlam_c + nad_c,,1,1,1
GCCc,h_c + lpro_c + nadh_c <=> dhlpro_c + nad_c,,0,-1,0
GDH,akg_c + h_c + nadh_c + nh4_c <=> glu__L_c + h2o_c + nad_c,,0,0,1
GGGABADr,ggbutal_c + h2o_c + nadp_c --> gg4abut_c + 2.0 h_c + nadph_c,,0,0,1
GLUS_nadph,akg_c + gln__L_c + h_c + nadph_c --> 2.0 glu__L_c + nadp_c,,0,0,1
GLUTRR,glu1sa_c + nadp_c + trnaglu_c <=> glutrna_c + h_c + nadph_c,,0,0,1
GLXO1,2.0 h_c + nadh_c + oxa_c <=> glx_c + h2o_c + nad_c,,-1,-1,1
GLYALDDr,glyc__R_c + 2.0 h_c + nadh_c <-- glyald_c + h2o_c + nad_c,,-1,-1,1
GLYCDH_1,h_c + hpyr_c + nadh_c --> glyc__R_c + nad_c,,0,0,1
GLYCL,co2_c + mlthf_c + nadh_c + nh4_c <=> gly_c + nad_c + thf_c,,-1,-1,1
GLYCLTDx,glx_c + h_c + nadh_c <-- glyclt_c + nad_c,,0,0,1
GLYCLTDy,glx_c + h_c + nadph_c <-- glyclt_c + nadp_c,,0,0,1
GLYCOR_nadp,glyc__R_c + nadp_c <-- h_c + hpyr_c + nadph_c,,0,0,1
GND,co2_c + nadph_c + ru5p__D_c <-- 6pgc_c + nadp_c,,1,-1,0
HACD1,aacoa_c + h_c + nadh_c <=> 3hbcoa_c + nad_c,,0,0,1
HACD2,3ohcoa_c + h_c + nadh_c <=> 3hhcoa_c + nad_c,,0,0,1
HACD3,3oocoa_c + h_c + nadh_c <=> 3hocoa_c + nad_c,,0,0,1
HACD4,3odcoa_c + h_c + nadh_c <=> 3hdcoa_c + nad_c,,0,0,1
HACD5,3oddcoa_c + h_c + nadh_c <=> 3hddcoa_c + nad_c,,0,0,1
HACD6,3otdcoa_c + h_c + nadh_c <=> 3htdcoa_c + nad_c,,0,0,1
HACD7,3ohdcoa_c + h_c + nadh_c <=> 3hhdcoa_c + nad_c,,0,0,1
HACD9,2maacoa_c + h_c + nadh_c <=> 3hmbcoa_c + nad_c,,0,0,1
HACDp,3oacoa_c + h_c + nadh_c <=> 3hacoa_c + nad_c,,0,0,1
HADPCOADH3,h_c + nadh_c + oxadpcoa_c <=> 3hadpcoa_c + nad_c,,0,0,1
HDH,3.0 h_c + his__L_c + 2.0 nadh_c <=> h2o_c + histd_c + 2.0 nad_c,,-1,-1,1
HIBDkt,h_c + mmsa_c + nadh_c <=> 3hmp_c + nad_c,,0,0,1
HSDH,aspsa_c + h_c + nadph_c --> hom__L_c + nadp_c,,-1,-1,1
HSDx,aspsa_c + h_c + nadh_c --> hom__L_c + nad_c,,-1,-1,1
HXAND,h_c + nadh_c + xan_c <=> h2o_c + hxan_c + nad_c,,0,-1,0
ICDHx,akg_c + co2_c + nadh_c <-- icit_c + nad_c,,1,-1,0
IDS1,h2mb4p_c + h_c + nadph_c --> h2o_c + ipdp_c + nadp_c,,1,1,1
IMACTD,2.0 h_c + im4ac_c + nadh_c <-- h2o_c + im4act_c + nad_c,,-1,-1,1
IMPD,h_c + nadh_c + xmp_c <=> h2o_c + imp_c + nad_c,,1,1,1
IPDPS,h2mb4p_c + h_c + nadh_c --> h2o_c + ipdp_c + nad_c,,1,1,1
IPMD,3c4mop_c + h_c + nadh_c <=> 3c2hmp_c + nad_c,,0,0,1
KARI_23dhmb,23dhmb_c + nadp_c <=> 3hmoa_c + h_c + nadph_c,,0,0,1
KARI_23dhmp,3hmop_c + h_c + nadph_c <=> 23dhmp_c + nadp_c,,0,0,1
KYN3OX,Lkynr_c + h_c + nadph_c + o2_c --> h2o_c + hLkynr_c + nadp_c,,-1,-1,1
LCADi,2.0 h_c + lac__L_c + nadh_c <=> h2o_c + lald__L_c + nad_c,,0,0,1
LDH_L,h_c + nadh_c + pyr_c <=> lac__L_c + nad_c,,0,0,1
MANAO,mana_c + nad_c <=> fruur_c + h_c + nadh_c,,-1,-1,1
MCLOR,h_c + mercppyr_c + nadh_c <=> mercplac_c + nad_c,,0,0,1
MDH,h_c + nadh_c + oaa_c <-- mal__L_c + nad_c,,1,1,1
MDHC_nadp_hr,co2_c + nadph_c + pyr_c <-- mal__L_c + nadp_c,,0,0,1
MECDPDH2,2mecdp_c + nadh_c --> h2mb4p_c + h2o_c + nad_c,,-1,-1,1
MMSAD3,accoa_c + co2_c + nadh_c <=> coa_c + msa_c + nad_c,,0,-1,0
MMSDH,co2_c + nadh_c + ppcoa_c <=> coa_c + mmsa_c + nad_c,,0,-1,0
MNXR12173,MNXM4972_c + h_c + nadh_c <=> MNXM4910_c + nad_c,,0,0,1
MNXR14719,2obut_c + co2_c + nadh_c <=> nad_c + r3mmal_c,,0,0,1
MNXR15436,MNXM764_c + h_c + nadh_c <=> MNXM1698_c + nad_c,,0,0,1
MNXR15642,MNXM2480_c + 2.0 h_c + nadh_c <=> MNXM2566_c + nad_c,,-1,1,0
MNXR15797,h_c + nadh_c + xol7ah2al_c <=> nad_c + xol7ah3_c,,0,0,1
MNXR15867,2ohph_c + h2o_c + nadp_c <-- 2oph_c + h_c + nadph_c + o2_c,,0,0,1
MNXR15972,MNXM5312_c + h_c + nadh_c <=> MNXM6087_c + nad_c,,0,0,1
MNXR15973,MNXM6216_c + h_c + nadh_c <=> MNXM5676_c + nad_c,,0,0,1
MNXR16018,MNXM1854_c + h_c + nadh_c <=> MNXM590_c + fald_c + nad_c,,0,0,1
MNXR16204,MNXM5635_c + h_c + nadh_c <=> hmpscoa_c + nad_c,,0,0,1
MNXR16236,MNXM1129_c + 2.0 h_c + nadh_c + o2_c --> MNXM842_c + co2_c + h2o_c + nad_c,,-1,-1,1
MNXR16239,MNXM1129_c + 2.0 h_c + nadh_c <=> MNXM6614_c + h2o_c + nad_c,,0,0,1
MNXR16307,MNXM1213_c + co2_c + nadh_c <=> nad_c + phthr_c,,-1,-1,1
MNXR16994,MNXM6043_c + h_c + nadh_c <=> MNXM6494_c + nad_c,,0,0,1
MNXR16995,MNXM6044_c + 2.0 h_c + nadh_c <=> MNXM6043_c + h2o_c + nad_c,,0,0,1
MNXR17004,MNXM4298_c + 2.0 h_c + nadh_c <=> MNXM4972_c + h2o_c + nad_c,,0,0,1
MNXR17153,MNXM5666_c + h_c + nadh_c <=> MNXM3152_c + h2o_c + nad_c,,0,0,1
MNXR17296,MNXM1120_c + 2.0 h_c + nadh_c <=> MNXM2283_c + h2o_c + nad_c,,0,0,1
MNXR17297,MNXM1120_c + 2.0 h_c + nadph_c <=> MNXM2283_c + h2o_c + nadp_c,,0,0,1
MNXR17649,MNXM5874_c + h_c + nadh_c <=> MNXM5873_c + nad_c,,0,0,1
MNXR17653,MNXM5870_c + h_c + nadh_c <=> MNXM5869_c + nad_c,,0,0,1
MNXR17657,MNXM5866_c + h_c + nadh_c <=> MNXM5865_c + nad_c,,0,0,1
MNXR17827,MNXM4528_c + 2.0 h_c + nadh_c <=> MNXM5387_c + h2o_c + nad_c,,0,0,1
MNXR17833,MNXM5558_c + h_c + nadh_c <=> MNXM5522_c + nad_c,,0,0,1
MNXR17835,MNXM4528_c + 2.0 h_c + nadh_c <=> MNXM6560_c + h2o_c + nad_c,,0,0,1
MNXR17974,MNXM10616_c + nad_c <=> MNXM2968_c + h_c + nadh_c,,0,0,1
MNXR17999,MNXM3835_c + h_c + nadh_c <=> MNXM6074_c + nad_c,,0,0,1
MNXR18003,MNXM6125_c + h_c + nadh_c <=> MNXM6882_c + nad_c,,0,0,1
MNXR18214,betald_c + h_c + nadph_c <=> chol_c + nadp_c,,0,0,1
MNXR2062,MNXM1051_c + nad_c <=> Sfglutth_c + h_c + nadh_c,,0,0,1
MNXR22677,MNXM2404_c + h_c + nadph_c --> MNXM2405_c + nadp_c + pi_c,,0,0,1
MNXR2293,fdxr_2_2_c + h_c + nadp_c <=> MNXM178_c + nadph_c,,0,0,1
MNXR27634,MNXM10217_c + nadp_c <=> MNXM10219_c + h_c + nadph_c,,1,1,1
MNXR27636,MNXM8149_c + h_c + nadph_c --> MNXM8147_c + nadp_c,,-1,-1,1
MNXR27638,MNXM10368_c + nadp_c <=> MNXM10370_c + h_c + nadph_c,,1,1,1
MNXR27640,MNXM8197_c + h_c + nadph_c --> MNXM8195_c + nadp_c,,-1,-1,1
MNXR27642,MNXM10446_c + nadp_c <=> MNXM10448_c + h_c + nadph_c,,1,1,1
MNXR27644,MNXM8220_c + h_c + nadph_c --> MNXM8218_c + nadp_c,,-1,-1,1
MNXR27646,MNXM9655_c + h_c + nadph_c <=> MNXM9653_c + nadp_c,,1,1,1
MNXR27648,MNXM8004_c + h_c + nadph_c --> MNXM8003_c + nadp_c,,-1,-1,1
MNXR27650,MNXM9684_c + h_c + nadph_c <=> MNXM9682_c + nadp_c,,1,1,1
MNXR27652,MNXM8015_c + h_c + nadph_c --> MNXM6636_c + nadp_c,,-1,-1,1
MNXR27654,MNXM9700_c + h_c + nadph_c <=> MNXM9698_c + nadp_c,,1,1,1
MNXR27656,MNXM8024_c + h_c + nadph_c --> MNXM8022_c + nadp_c,,-1,-1,1
MNXR27659,MNXM10326_c + nadp_c <=> MNXM10327_c + h_c + nadph_c,,1,1,1
MNXR27661,MNXM8176_c + h_c + nadph_c --> MNXM8175_c + nadp_c,,-1,-1,1
MNXR27663,MNXM10422_c + nadp_c <=> MNXM10423_c + h_c + nadph_c,,1,1,1
MNXR27665,MNXM8210_c + h_c + nadph_c --> MNXM8209_c + nadp_c,,-1,-1,1
MNXR27667,MNXM10474_c + nadp_c <=> MNXM10475_c + h_c + nadph_c,,1,1,1
MNXR27669,MNXM8226_c + h_c + nadph_c --> MNXM8225_c + nadp_c,,-1,-1,1
MNXR27671,MNXM9671_c + h_c + nadph_c <=> MNXM9670_c + nadp_c,,1,1,1
MNXR27673,MNXM8011_c + h_c + nadph_c --> MNXM8010_c + nadp_c,,-1,-1,1
MNXR27675,MNXM9695_c + h_c + nadph_c <=> MNXM9694_c + nadp_c,,1,1,1
MNXR27677,MNXM8019_c + h_c + nadph_c --> MNXM6644_c + nadp_c,,-1,-1,1
MNXR27679,MNXM9707_c + h_c + nadph_c <=> MNXM9706_c + nadp_c,,1,1,1
MNXR27681,MNXM8027_c + h_c + nadph_c --> MNXM8026_c + nadp_c,,-1,-1,1
MNXR27684,MNXM10218_c + nadp_c <=> MNXM10220_c + h_c + nadph_c,,1,1,1
MNXR27686,MNXM8150_c + h_c + nadph_c --> MNXM8148_c + nadp_c,,-1,-1,1
MNXR27688,MNXM10367_c + nadp_c <=> MNXM10369_c + h_c + nadph_c,,1,1,1
MNXR27690,MNXM8196_c + h_c + nadph_c --> MNXM8194_c + nadp_c,,-1,-1,1
MNXR27692,MNXM10447_c + nadp_c <=> MNXM10449_c + h_c + nadph_c,,1,1,1
MNXR27694,MNXM8221_c + h_c + nadph_c --> MNXM8219_c + nadp_c,,-1,-1,1
MNXR27696,MNXM9656_c + h_c + nadph_c <=> MNXM9654_c + nadp_c,,1,1,1
MNXR27698,MNXM8005_c + h_c + nadph_c --> MNXM8006_c + nadp_c,,-1,-1,1
MNXR27700,MNXM9685_c + h_c + nadph_c <=> MNXM9683_c + nadp_c,,1,1,1
MNXR27702,MNXM8016_c + h_c + nadph_c --> MNXM6637_c + nadp_c,,-1,-1,1
MNXR27704,MNXM9701_c + h_c + nadph_c <=> MNXM9699_c + nadp_c,,1,1,1
MNXR27706,MNXM8025_c + h_c + nadph_c --> MNXM8023_c + nadp_c,,-1,-1,1
MNXR27735,MNXM10035_c + nadp_c <=> MNXM10116_c + h_c + nadph_c,,1,1,1
MNXR27737,MNXM9168_c + h_c + nadph_c --> MNXM7607_c + nadp_c,,-1,-1,1
MNXR2826,gthox_c + h_c + nadph_c <=> 2.0 MNXM57_c + nadp_c,,0,-1,0
MNXR35657,MNXM1289_c + h_c + nadph_c <=> icit_c + nadp_c,,1,1,1
MNXR4402,2h34hppr_c + co2_c + nadh_c <-- nad_c + pphn_c,,-1,-1,1
MNXR4403,2h34hppr_c + co2_c + nadph_c <-- nadp_c + pphn_c,,-1,-1,1
MNXR5449,MNXM3173_c + h_c + nadh_c <=> nad_c + thcholoylcoa_c,,0,0,1
MNXR5727,akg_c + 2.0 h_c + nadph_c <-- MNXM770_c + h2o_c + nadp_c,,-1,-1,1
MNXR5765,MNXM277_c + h_c + nadh_c <=> MNXM832_c + nad_c,,0,0,1
MNXR58251,MNXM4010_c + h_c + nadh_c <=> histd_c + nad_c,,-1,-1,1
MNXR59227,2.0 h_c + his__L_c + nadh_c <-- MNXM4010_c + h2o_c + nad_c,,-1,-1,1
MNXR60025,MNXM5555_c + h2o_c + nadp_c <-- 2ommb_c + nadph_c + o2_c,,0,0,1
MNXR60319,MNXM6828_c + 2.0 h_c + nadh_c <=> MNXM6827_c + h2o_c + nad_c,,0,0,1
MNXR60320,3mcat_c + co2_c + h2o_c + nad_c <-- MNXM6828_c + 2.0 h_c + nadh_c + o2_c,,-1,-1,1
MNXR60327,MNXM6112_c + 2.0 h_c + nadh_c + o2_c --> 4mcat_c + co2_c + h2o_c + nad_c,,-1,-1,1
MNXR60651,MNXM5766_c + 2.0 h_c + nadh_c <=> MNXM1558_c + h2o_c + nad_c,,0,0,1
MNXR6834,MNXM1709_c + h_c + nadh_c <=> 2ddglcn_c + nad_c,,0,0,1
MNXR6908,3oacoa_c + h_c + nadph_c <=> MNXM2446_c + nadp_c,,0,0,1
MNXR6969,2.0 h_c + nadh_c + salc_c <=> MNXM1593_c + h2o_c + nad_c,,0,0,1
MNXR6970,fer_c + 2.0 h_c + nadph_c <=> conialdh_c + h2o_c + nadp_c,,0,0,1
MNXR71149,MNXM16872_c + ncam_c <=> MNXM4769_c + h_c + nad_c,,0,0,1
MNXR71411,MNXM1025_c + nadph_c + o2_c --> MNXM2391_c + h2o_c + nadp_c,,-1,-1,1
MNXR7212,2.0 h_c + nadh_c + o2_c + salc_c --> catechol_c + co2_c + h2o_c + nad_c,,-1,-1,1
MNXR7297,h_c + lys__L_c + nadph_c + pyr_c <=> MNXM3966_c + h2o_c + nadp_c,,-1,0,0
MNXR74373,h_c + nadph_c + tpalm2eACP_c --> MNXM25932_c + nadp_c,,-1,-1,1
MNXR7442,h_c + nadph_c + protds_c <=> nadp_c + protdt_c,,-1,-1,1
MNXR7459,2.0 fe3_c + nadh_c <=> 2.0 fe2_c + h_c + nad_c,,1,-1,0
MNXR74716,MNXM6214_c + 2.0 h_c + nadh_c <=> MNXM3397_c + h2o_c + nad_c,,0,0,1
MNXR74717,MNXM6454_c + 2.0 h_c + nadh_c <=> MNXM13081_c + h2o_c + nad_c,,0,0,1
MNXR74931,MNXM6888_c + 2.0 h_c + nadh_c <=> MNXM6887_c + h2o_c + nad_c,,0,0,1
MNXR74932,MNXM10202_c + co2_c + h2o_c + nad_c <-- MNXM6888_c + 2.0 h_c + nadh_c + o2_c,,-1,-1,1
MNXR7594,MNXM2480_c + 2.0 h_c + nadph_c <=> MNXM2566_c + nadp_c,,-1,1,0
MNXR79883,MNXM715_c + co2_c + h_c + nadh_c + ppi_c --> dhna_c + hepdp_c + nad_c,,-1,-1,1
MNXR8404,ala_B_c + h_c + nadh_c + pyr_c <=> MNXM3765_c + h2o_c + nad_c,,0,0,1
MNXR84520,cholcoaone_c + h_c + nadh_c <=> MNXM827_c + nad_c,,0,0,1
MNXR84631,MNXM5008_c + 2.0 h_c + nadh_c <=> MNXM4381_c + h2o_c + nad_c,,0,0,1
MNXR85287,MNXM5008_c + 2.0 h_c + nadph_c <=> MNXM4381_c + h2o_c + nadp_c,,0,0,1
MNXR85368,MNXM1979_c + h_c + nadh_c <=> nad_c + phthr_c,,-1,-1,1
MNXR85589,gg4abut_c + 2.0 h_c + nadh_c <-- ggbutal_c + h2o_c + nad_c,,0,0,1
MNXR8605,MNXM1051_c + nadp_c <=> Sfglutth_c + h_c + nadph_c,,0,0,1
MNXR8926,MNXM839_c + h_c + nadh_c <=> MNXM1502_c + nad_c,,0,0,1
MNXR8994,coa_c + msa_c + nadp_c <=> h_c + malcoa_c + nadph_c,,0,0,1
MNXR9029,MNXM1245_c + 2.0 h_c + nadh_c <=> MNXM1883_c + h2o_c + nad_c,,0,0,1
MNXR93704,4mop_c + h_c + nadh_c + nh4_c <=> h2o_c + leu__L_c + nad_c,,0,0,1
MNXR93715,3mob_c + h_c + nadh_c + nh4_c <=> h2o_c + nad_c + val__L_c,,0,0,1
MNXR93748,MNXM114147_c + h_c + nadh_c + nh4_c <=> h2o_c + ile__L_c + nad_c,,0,0,1
MNXR93945,MNXM265_c + h_c + nadh_c + nh4_c <=> MNXM42008_c + h2o_c + nad_c,,0,0,1
MNXR93946,MNXM265_c + h_c + nadph_c + nh4_c <=> MNXM42008_c + h2o_c + nadp_c,,0,0,1
MNXR93966,MNXM265_c + h_c + nadh_c + nh4_c <=> MNXM381_c + h2o_c + nad_c,,0,0,1
MNXR94325,dtdp_c + h_c + nadp_c <=> dttp_c + nad_c,,0,0,1
MTHFD,mlthf_c + nadp_c <=> methf_c + nadph_c,,0,0,1
MTHFO,h_c + mlthf_c + nadh_c <=> 5mthf_c + nad_c,,0,0,1
MTHFO_nadp,h_c + mlthf_c + nadph_c <=> 5mthf_c + nadp_c,,0,0,1
NADH10,h_c + mqn8_c + nadh_c --> mql8_c + nad_c,,-1,-1,1
NADH5,h_c + nadh_c + q8_c --> nad_c + q8h2_c,,-1,-1,1
NADH6,3.5 h_e + nad_c + q8h2_c <-- h_c + nadh_c + q8_c,,1,-1,0
NADH9,2dmmq8_c + h_c + nadh_c --> 2dmmql8_c + nad_c,,-1,-1,1
NADK,adp_c + h_c + nadp_c <=> atp_c + nad_c,,0,0,1
NADS1,amp_c + h_c + nad_c + ppi_c <-- atp_c + dnad_c + nh4_c,,0,0,1
NADTRHD,nadh_c + nadp_c <=> nad_c + nadph_c,,0,-1,0
NTRIR2x,4.0 h_c + 3.0 nadh_c + no2_c --> 2.0 h2o_c + 3.0 nad_c + nh4_c,,-1,-1,1
NTRIR2y,4.0 h_c + 3.0 nadph_c + no2_c --> 2.0 h2o_c + 3.0 nadp_c + nh4_c,,-1,-1,1
P5CD,glu__L_c + h_c + nadh_c <=> 1pyr5c_c + 2.0 h2o_c + nad_c,,0,1,0
P5CR,nadp_c + pro__L_c <=> 1pyr5c_c + 2.0 h_c + nadph_c,,-1,0,0
P5CRx,1pyr5c_c + 2.0 h_c + nadh_c <=> nad_c + pro__L_c,,-1,0,0
PDH,coa_c + nad_c + pyr_c --> accoa_c + co2_c + nadh_c,,-1,-1,1
PGCD,3php_c + h_c + nadh_c <=> 3pg_c + nad_c,,0,0,1
PUTA3,glu__L_c + 2.0 h_c + nadh_c <-- glu5sa_c + h2o_c + nad_c,,0,1,0
R01465m,2aobut_c + h_c + nadh_c <=> nad_c + thr__L_c,,1,-1,0
RDH1,h_c + nadh_c + retinal_c <=> nad_c + retinol_c,,0,0,1
rxn05336_c0,3opalmACP_c + nadph_c <=> 3hpalmACP_c + nadp_c,,1,1,1
rxn05342_c0,3omrsACP_c + nadph_c <=> 3hmrsACP_c + nadp_c,,1,1,1
SBTPD,f6p_c + h_c + nadh_c <=> nad_c + sbt6p_c,,0,0,1
SHCHD2,2.0 h_c + nadh_c + scl_c <-- dscl_c + nad_c,,-1,-1,1
SHK3Dr,3dhsk_c + h_c + nadph_c <=> nadp_c + skm_c,,0,0,1
SSALx,2.0 h_c + nadh_c + succ_c <-- h2o_c + nad_c + sucsal_c,,0,-1,0
SULR,4.0 h_c + hso3_c + 3.0 nadph_c <=> 3.0 h2o_c + h2s_c + 3.0 nadp_c,,-1,-1,1
TDPDRR,dtdp4d6dm_c + h_c + nadph_c <=> dtdprmn_c + nadp_c,,0,1,0
TDSRh,h_c + nadph_c + trdox_c <=> nadp_c + trdrd_c,,1,1,1
THD2,2.0 h_e + nadh_c + nadp_c <=> 2.0 h_c + nad_c + nadph_c,,-1,-1,1
UAPGR,h_c + nadph_c + uaccg_c <=> nadp_c + uamr_c,,0,0,1
UDPGD,3.0 h_c + 2.0 nadh_c + udpglcur_c <=> h2o_c + 2.0 nad_c + udpg_c,,1,1,1
XAND,h_c + nadh_c + urate_c <-- h2o_c + nad_c + xan_c,,0,-1,0